name,followers,likes,comments,cost_per_post
Alice,150000,3500,400,500
Bob,50000,4000,600,300
Charlie,200000,1500,100,800
Daisy,80000,7000,1200,400
Ethan,120000,2000,200,450
Fiona,60000,5000,700,350
George,180000,2500,300,600
Hannah,90000,6000,800,380
Ian,75000,3000,500,320
Jasmine,110000,8000,900,550
Kevin,140000,3500,300,480
Laura,50000,4500,600,310
Mike,95000,4000,500,360
Nina,130000,9000,1500,520
Oscar,170000,2800,200,650
